ID;AAU Navn;Formaal;Delsystemer (komponenter);Leverandør (egenudvikling/ekstern (+ navn på leverandør);Produktnavn;Version (nuværende);Programområde;Programformand;BRM;Systemforvalter (eksisterende);Systemejer;Organisatorisk enhed;Eksisterende styregruppe;Forretningskritisk [Lav/Mellem/Høj];Faste licens og serviceaftaler art: 147148;Tilkøb nye licenser art: 147148;Ekstra service- og supportaftaler art: 147041;Vedligehold art: 147041;Udviklingsmidler art: 147041;I alt;Kommentarer (økonomi);SLA (URL);Backlog (link);Antal brugere;Service (fra Service katalog);Kontrakt;Supportgruppe i SUP;Klient afhængigheder;Eksiserende dokumentation (URL m.m.);Overvågning (er det etableret?);IFS driftspersoner;Hosting;URL;Brugervendt?;T/uge i ITS;T/uge AAU (-ITS);T/uge Ekstern;Bemærkning;Sidst Editeret af ;Dato;;;;;;;;;;;;;;;;;;;;;;;;;;;;;;;;;;;;;;;;;;;;;;;;;;;;;;;;;;;;;;;;;;;;;;;;;;;;;;;;;;;;;;;;;;;;;;;;;;;;;;;;;;;;;;;;;;;;;;;;
16;A500 ;(bibliotekssystem) mv.;;;;;Forskning & Formidling;;;;Niels Henrik Gylstorff?;AUB;;;847.000;;;;351.000;1.198.000;;;;;;;;;;;;;;;AIU: ?;;;;;;;;;;;;;;;;;;;;;;;;;;;;;;;;;;;;;;;;;;;;;;;;;;;;;;;;;;;;;;;;;;;;;;;;;;;;;;;;;;;;;;;;;;;;;;;;;;;;;;;;;;;;;;;;;;;;;;;;;;;;;
144;Active Directory;Backend til håndtering af bruger og system konti, adgangsstyring mv.;;;;;ITS (internt);;;;ITS;;;Høj;;;;;;;;;;;;;;;;;KST, EHN, DB;;;Nej;IFS: 5;;;;HB;16-12-2015;;;;;;;;;;;;;;;;;;;;;;;;;;;;;;;;;;;;;;;;;;;;;;;;;;;;;;;;;;;;;;;;;;;;;;;;;;;;;;;;;;;;;;;;;;;;;;;;;;;;;;;;;;;;;;;;;;;;;;;;
71;ADK;Adgangskontrol til AAU;Trækker data fra AAUCard;G4S;;;Administration;;;;TF/Torben Gregersen;TF;;Høj;;;;;;;;;;;;;;Ja, kører på terminalserver;;;JNI;ITS;;;"AIU: 0
IFS: 2";;;;HB;16-12-2015;;;;;;;;;;;;;;;;;;;;;;;;;;;;;;;;;;;;;;;;;;;;;;;;;;;;;;;;;;;;;;;;;;;;;;;;;;;;;;;;;;;;;;;;;;;;;;;;;;;;;;;;;;;;;;;;;;;;;;;;
41;ADMdb;Brugeroprettelse (IT);Webinterface, ADMdbWS, DB Schema;Egenudvikling;Custom;7.51;ITS (internt);;N/A;Mikael M. Hansen;ITS/ Kirsten Hjerrild Nielsen;ITS;Nej;Høj;N/A;N/A;N/A;N/A;N/A;N/A;N/A;Ingen;https://jira.srv.aau.dk/jira/browse/ADMDB/;~100 stk;http://www.servicekatalog.its.aau.dk/support-og-raadgivning//#personlig-mail-og-kalender-oprettelse;N/A;Tror det ikke;Blot en gængs browser;Intet;Nej, tror det ikke;Ved ikke;Vores egen (tools.ist.aau.dk);Flere forskellige;;AIU: 5;;;Forventes at skulle dø/udgå ifm. Introduktionen af IDM;MMH;20-05-2015;;;;;;;;;;;;;;;;;;;;;;;;;;;;;;;;;;;;;;;;;;;;;;;;;;;;;;;;;;;;;;;;;;;;;;;;;;;;;;;;;;;;;;;;;;;;;;;;;;;;;;;;;;;;;;;;;;;;;;;;
78;Adobe Connect;Videomøder;;DeIC;Adobe Connect;;ITS (internt);;;Lillian Buus, Brian Møller;Deic.dk;ITS;;Lav;;;;;;;;;;;;;;Dur ikke med Chrome, men ellers ingen afhængigheder;;;;SaaS;https://c.deic.dk;;AIU: 2;;;;MMH;22-05-2015;;;;;;;;;;;;;;;;;;;;;;;;;;;;;;;;;;;;;;;;;;;;;;;;;;;;;;;;;;;;;;;;;;;;;;;;;;;;;;;;;;;;;;;;;;;;;;;;;;;;;;;;;;;;;;;;;;;;;;;;
6;Adramatch;en løsning til automatisering, standardisering og visualisering af håndteringen af transaktioner og til oprettelse af afslutningsbilag for balancekonti til månedsafslutningen.;;Adra Match;Adra Match Accounts;;Administration;MW;;?;Jan W. Bech;ØA;;;124.875;;;25.000;;149.875;;;;3;;;;;;;CS;;;?;"AIU: 0
IFS: 0,2";;;;HB;16-12-2015;;;;;;;;;;;;;;;;;;;;;;;;;;;;;;;;;;;;;;;;;;;;;;;;;;;;;;;;;;;;;;;;;;;;;;;;;;;;;;;;;;;;;;;;;;;;;;;;;;;;;;;;;;;;;;;;;;;;;;;;
92;AFS Storage;Netværksfilsystem for Elektroniske Systemer. Udfasning omkring 2017/2018.;;;;;ITS (internt);;;;;;;;;;;;;;;;;;;;;;;;;;;;"AIU: 0
IFS:1";;;;;;;;;;;;;;;;;;;;;;;;;;;;;;;;;;;;;;;;;;;;;;;;;;;;;;;;;;;;;;;;;;;;;;;;;;;;;;;;;;;;;;;;;;;;;;;;;;;;;;;;;;;;;;;;;;;;;;;;;;;;;
54;Aleph;;;;;;Forskning & Formidling;;;Person på AUB måske Kasper Løvschall;Niels Henrik Gylstorff?;AUB;;;;;;;;;;;;;;;;;;;;;;;AIU: 0;;;;CLA;02-06-2015;;;;;;;;;;;;;;;;;;;;;;;;;;;;;;;;;;;;;;;;;;;;;;;;;;;;;;;;;;;;;;;;;;;;;;;;;;;;;;;;;;;;;;;;;;;;;;;;;;;;;;;;;;;;;;;;;;;;;;;;
40;Alinto;Kandidatnet;Henter data fra STADS;Elsevir;;;Studieadministrationen;Henrik Brohus;;ITS ISR-SA;Christian Volmer;StudieService, Karrierecenteret;;;;;;;;;;;;;;;;;;;;;;;AIU: 5;;;Der er aftalt en møderækker mhp. Gøren status og opstart/overdragelse fa forvaltning til ITS i foråret 2016;MMH;04-02-2016;;;;;;;;;;;;;;;;;;;;;;;;;;;;;;;;;;;;;;;;;;;;;;;;;;;;;;;;;;;;;;;;;;;;;;;;;;;;;;;;;;;;;;;;;;;;;;;;;;;;;;;;;;;;;;;;;;;;;;;;
143;Antivirus;Udrulning af antivirus pakker, samt drift af opdateringsservere;;;Sophos;;ITS (internt);;;;;;;;;;;;;;;;;;;;;;;;;;;Ja;"SUP: 0,5
IFS: 1";;;SUP tidsforbrug udfør reelt prioritering, mange opfølgning og procedure for håndtering af AV bliver ikke gennemført;MPB;16-12-2015;;;;;;;;;;;;;;;;;;;;;;;;;;;;;;;;;;;;;;;;;;;;;;;;;;;;;;;;;;;;;;;;;;;;;;;;;;;;;;;;;;;;;;;;;;;;;;;;;;;;;;;;;;;;;;;;;;;;;;;;
93;Applikationsservere - Linux;Linux-baserede servere hvor forskere og studerende afvikler programmer til forskning og undervisning samt laver LaTeX rapporter og artikler. Findes for CS, HST, Mat, ES, HUM;;;;;ITS (internt);;;;;;;;;;;;;;;;;;;;;;;;;;;;"AIU: 0
IFS: 10";;;;MPB;16-12-2015;;;;;;;;;;;;;;;;;;;;;;;;;;;;;;;;;;;;;;;;;;;;;;;;;;;;;;;;;;;;;;;;;;;;;;;;;;;;;;;;;;;;;;;;;;;;;;;;;;;;;;;;;;;;;;;;;;;;;;;;
94;Applikationsservere - Windows;Windows-baserede servere hvor forskere og studerende afvikler programmer til forskning og undervisning;;;;;ITS (internt);;;;;;;;;;;;;;;;;;;;;;;;;;;;"AIU: 0
IFS: 5";;;;HB;16-12-2015;;;;;;;;;;;;;;;;;;;;;;;;;;;;;;;;;;;;;;;;;;;;;;;;;;;;;;;;;;;;;;;;;;;;;;;;;;;;;;;;;;;;;;;;;;;;;;;;;;;;;;;;;;;;;;;;;;;;;;;;
29;Arealweb/Arealdatabase;;;;;;Administration;MW;;;;;;;;;;;;;;;;;;;;;;;;;;;AIU: 0;;;;;;;;;;;;;;;;;;;;;;;;;;;;;;;;;;;;;;;;;;;;;;;;;;;;;;;;;;;;;;;;;;;;;;;;;;;;;;;;;;;;;;;;;;;;;;;;;;;;;;;;;;;;;;;;;;;;;;;;;;;;;
95;Artifactory;[SPØRG PL/JKC];;;;;ITS (internt);;;;;;;;;;;;;;;;;;;;;;;;;;;;AIU: 0;;;;;;;;;;;;;;;;;;;;;;;;;;;;;;;;;;;;;;;;;;;;;;;;;;;;;;;;;;;;;;;;;;;;;;;;;;;;;;;;;;;;;;;;;;;;;;;;;;;;;;;;;;;;;;;;;;;;;;;;;;;;;
28;Autocad;;;;;;Administration;MW;;;;TF;;;100.000;;;;;100.000;;;;;;;;;;;;;;;AIU: 0;;;;;;;;;;;;;;;;;;;;;;;;;;;;;;;;;;;;;;;;;;;;;;;;;;;;;;;;;;;;;;;;;;;;;;;;;;;;;;;;;;;;;;;;;;;;;;;;;;;;;;;;;;;;;;;;;;;;;;;;;;;;;
103;BasisAdmin;;;;;;ITS (internt);;;;;;;;;;;;;;;;;;;;;;;;;;;;AIU: 0;;;;;;;;;;;;;;;;;;;;;;;;;;;;;;;;;;;;;;;;;;;;;;;;;;;;;;;;;;;;;;;;;;;;;;;;;;;;;;;;;;;;;;;;;;;;;;;;;;;;;;;;;;;;;;;;;;;;;;;;;;;;;
91;CalMoodle;Kalenderværktøj til Moodle;;Egenudvikling;;;Uddannelse & Læring;;;Lillian Buus, Brian Møller, Tina Funck;;ITS;;Høj;;;;;;;;;;;;;;;;;;ITS;https://www.moodle.aau.dk/calmoodle/;;AIU: 10;;;;BM;27-11-2015;;;;;;;;;;;;;;;;;;;;;;;;;;;;;;;;;;;;;;;;;;;;;;;;;;;;;;;;;;;;;;;;;;;;;;;;;;;;;;;;;;;;;;;;;;;;;;;;;;;;;;;;;;;;;;;;;;;;;;;;
15;Captia;Sags og dokument håndtering. Bruges også som AAUs arkivsystem;Workzone Server, Captia klient, iBox;Scanjour;Workzone Content Server;2014 SP2;Administration;MW;KK;Mads Sommer Jensen(forretning)/ Mikael M. Hansen (teknisk);Leder af Ledelsessekretariatet;Ledelsessekretariatet;Ja;Høj;970.000;;;;600.000;1.570.000;;;https://jira.srv.aau.dk/jira/browse/CAP/ + sager i Captia (fra ESDH-Sekr);~900 stk;N/A;Ja, ligger i Captia;Måske i Administrative systemer;Ja, skal bruge IE version 9 (ActiveX komponent) + nogle special konfigurationer (local intranet zone);Nej;?;Kenneth Badsgaard Andersen;ITS;http://esdh.aau.dk/cap;Ja;"AIU: 5
IFS: 5
SUP:?";;;Der arbejdes med at introducere flere klient typer (så flere - og nyere - browsere kan benyttes). Der arbejdes også på at anskaffe Workzone Servides således at det bliver muligt at integrere til systemet;HB;16-12-2015;;;;;;;;;;;;;;;;;;;;;;;;;;;;;;;;;;;;;;;;;;;;;;;;;;;;;;;;;;;;;;;;;;;;;;;;;;;;;;;;;;;;;;;;;;;;;;;;;;;;;;;;;;;;;;;;;;;;;;;;
60;CMS/Infoglue (nyt webdesign);Redigering og visning af AAU hjemmesider;;Open source;InfoGlue2;2.9.9.6;Forskning & Formidling;;;Web-team;ITS?;ITS;;Høj;Open source + evt. konsulent timer ved KnowIt;;;;;;;;https://jira.srv.aau.dk/jira/secure/RapidBoard.jspa?rapidView=54&view=planning&selectedIssue=WEB-35;Et par hundrede superbrugere (webredaktører)samt mange indholdsredaktører. Dertil kommer brugere af selve hjemmesiderne;http://www.servicekatalog.its.aau.dk/web-og-kommunikationsvaerktoejer//#infoglue-hjemmesider;;Nej;editrering: Anbefalet Chrome eller Firefox (nyeste versioner), + IE version 8 og frem;http://www.webdesign.aau.dk (brugerrettet guide), https://jira.srv.aau.dk/confluence/display/IG/Infoglue (Confluence);;Anders Hertz;ITS;http://www.infoglue2.portal.aau.dk;;"AIU: 60
IFS: 3";;;Opgradering til version 3.3 er i gang. Forventet: Juni 2015;MPB;16-12-2015;;;;;;;;;;;;;;;;;;;;;;;;;;;;;;;;;;;;;;;;;;;;;;;;;;;;;;;;;;;;;;;;;;;;;;;;;;;;;;;;;;;;;;;;;;;;;;;;;;;;;;;;;;;;;;;;;;;;;;;;
61;CMS/Infoglue (Under udfasning);Redigering og visning af AAU hjemmesider;;Open source;InfoGlue1;2.9.9.2;Forskning & Formidling;;;Web-team;ITS?;ITS;;Mellem (pga. under udfasning);Open source + evt. konsulent timer ved KnowIt;;;;;;;;Ingen - der udvikles ikke til denne version mere. Se backlog link for IG2 ovenfor;Som ovenfor - dog er tallet faldende pga. udfasning;;;Nej;editrering: Anbefalet Chrome eller Firefox (nyeste versioner), + IE version 8 og frem;www.infoglueguide.portal.aau.dk (brugerguide)  https://secure.aub.aau.dk/wiki/aauportal/index.php/Content_Management_System (dokumentation);;Anders Hertz;ITS;http://www.infoglue.portal.aau.dk;;"AIU: 30
IFS: 1";;;Webteam arbejder målrettet med omlægning og nedlukning af sites i det gamle design/gamle InfoGlue i samarbejde med decentrale redaktører. Ambition: Oktober 2015, evt. med ganske få sites tilbageværende i det gamle (uden support og med et minimum af drift) indtil alternativ løsning er fundet for disse.;MPB;16-12-2015;;;;;;;;;;;;;;;;;;;;;;;;;;;;;;;;;;;;;;;;;;;;;;;;;;;;;;;;;;;;;;;;;;;;;;;;;;;;;;;;;;;;;;;;;;;;;;;;;;;;;;;;;;;;;;;;;;;;;;;;
55;CRM;CRM system til AAU Innovation og SBI;;Microsoft;MS Dynamics CRM;2011;Administration;;;Mikael M. Hansen (ved lidt);;Teknat fak-kontor;Ja;Mellem;;;;;;;Der er visse licens omkostninger. Brugerlicenserne  og en enkelt server licens. Derudover er det udgifter til en connector til NNMarkedsData;;;~20stk;;;;IE som Outlook;;;Kristoffer Stormark;ITS;https://crm.aau.dk;;AIU: 0;;;;MMH;22-05-2015;;;;;;;;;;;;;;;;;;;;;;;;;;;;;;;;;;;;;;;;;;;;;;;;;;;;;;;;;;;;;;;;;;;;;;;;;;;;;;;;;;;;;;;;;;;;;;;;;;;;;;;;;;;;;;;;;;;;;;;;
34;CTS ;Bygningsstyring som driftes i samarbejde med Schneider Eletric. Dækker hele Aalborg og Esbjerg med undtagelse af Pontoppidanstræde.;;;;;Administration;;;;;TF;;Høj;;;;;;;;;;;;;;;;;KBA;ITS;;;"AIU: 0
IFS: 0,5";;;;HB;16-12-2015;;;;;;;;;;;;;;;;;;;;;;;;;;;;;;;;;;;;;;;;;;;;;;;;;;;;;;;;;;;;;;;;;;;;;;;;;;;;;;;;;;;;;;;;;;;;;;;;;;;;;;;;;;;;;;;;;;;;;;;;
100;Cumulus;Billeddatabase server til fotos;;;;;Forskning & Formidling;;;;AAU Kommunikation;ITS;;Lav;;;;;;;;;;;;;;;;;CS;ITS;;;"AIU: 0
IFS: 0,2";;;;HB;16-12-2015;;;;;;;;;;;;;;;;;;;;;;;;;;;;;;;;;;;;;;;;;;;;;;;;;;;;;;;;;;;;;;;;;;;;;;;;;;;;;;;;;;;;;;;;;;;;;;;;;;;;;;;;;;;;;;;;;;;;;;;;
65;data.aau.dk;Et antal REST webservices brugt af andre systemer;Bruges af studieguide/studyguide, stillinger.aau.dk, samt medarbejderlister på hjemmesider i InfoGlue;Egenudvikling;;;ITS (internt);;;;;ITS;;;;;;;;;;;;;;;;;https://secure.aub.aau.dk/wiki/aauportal/index.php/Data.aau.dk (Gammelt og uopdateret?) ;;;;http://data.aau.dk;;AIU: 3;;;;CLA;02-06-2015;;;;;;;;;;;;;;;;;;;;;;;;;;;;;;;;;;;;;;;;;;;;;;;;;;;;;;;;;;;;;;;;;;;;;;;;;;;;;;;;;;;;;;;;;;;;;;;;;;;;;;;;;;;;;;;;;;;;;;;;
38;Digital Eksamen;Opsætning af prøver, Aflevering af besvarelser, karaktergivning;Stads, henter data fra stads. Sender karakterer tilbage til stads. Tjekker for plagiering i Ephorus. Indlogning via NemId for censorer. Integrerer til Pure for upload af rapporter.;Arcanic;DE;;Studieadministrationen;Henrik Brohus;KK;SF - Jesper Bjørn Gorm Poulsen;Lone Vestergård;SF;"projektstyregruppe: Lone Vestergaard; Henrik Brohus; Erling Jensen; Susanne Tjørnelund Meisner; Kirsten Hjerrild Nielsen; Kim Jensen; Lars Bo Larsen; Thøger Kristensen; Jesper Bjørn Gorm Poulsen";Høj;;;;;1.500.000;1.500.000;;;;;https://digitaleksamen.aau.dk/;;;;;;;;https://digitaleksamen.aau.dk/;;AIU: 20;;;Vil blive anvendt af AAU til større antal prøver sommer 2015. Forventes derefter af skulle håndterer alle prøver fremover. ;KHN;02-07-2015;;;;;;;;;;;;;;;;;;;;;;;;;;;;;;;;;;;;;;;;;;;;;;;;;;;;;;;;;;;;;;;;;;;;;;;;;;;;;;;;;;;;;;;;;;;;;;;;;;;;;;;;;;;;;;;;;;;;;;;;
97;Digital Signatur;System til håndtering af digitale medarbejdersignaturer;;Signaturgruppen;Signaturcentral;;ITS (internt);;;;;ITS;;Lav;;;;;;;;;;;;;Administrative systemer;;Info til Servicedesk Onenote;;KBA;ITS;;Ja;"AIU: 0
IFS: 0,5";;;;MC;16-02-2016;;;;;;;;;;;;;;;;;;;;;;;;;;;;;;;;;;;;;;;;;;;;;;;;;;;;;;;;;;;;;;;;;;;;;;;;;;;;;;;;;;;;;;;;;;;;;;;;;;;;;;;;;;;;;;;;;;;;;;;;
140;DNS og SSL;"Drift af systemer samt indkøb og konfiguration af DNS-navne og SSL-certikater.

Normalt er det delkomponent til andre systemer (Infoglue, Sharepoint etc), men andre gange bestilles det også direkte.";;;;;ITS (internt);;;;;;;;;;;;;;;;;;;;;;;;;;;Ja;IFS: 10;;;;MPB;16-12-2015;;;;;;;;;;;;;;;;;;;;;;;;;;;;;;;;;;;;;;;;;;;;;;;;;;;;;;;;;;;;;;;;;;;;;;;;;;;;;;;;;;;;;;;;;;;;;;;;;;;;;;;;;;;;;;;;;;;;;;;;
133;e-boks print ;"Status: Forslag til system - i proces.
Formål er at gøre det muligt at afsende digital post - i dag kan vi kun modtage. Første bruger er forsker på Civil der skal sende spørgeskemaer ud.";;;;;ITS (internt);;;;;;;;;;;;;;;;;;;;;;;;;;;;AIU: 0;;;;;;;;;;;;;;;;;;;;;;;;;;;;;;;;;;;;;;;;;;;;;;;;;;;;;;;;;;;;;;;;;;;;;;;;;;;;;;;;;;;;;;;;;;;;;;;;;;;;;;;;;;;;;;;;;;;;;;;;;;;;;
42;Eduser;Mini IDM system til IT;Eduser, EduserWindowsAgent + diverse synkroniserings agenter;Egenudvikling;Custom;4;ITS (internt);;N/A;Mikael M. Hansen;ITS/ Kirsten Hjerrild Nielsen;ITS;Nej;Høj;N/A;N/A;N/A;N/A;N/A;N/A;N/A;Ingen;https://jira.srv.aau.dk/jira/browse/EU;~20 stk;http://www.servicekatalog.its.aau.dk/support-og-raadgivning//#personlig-mail-og-kalender-oprettelse;N/A;Tror det ikke;Ingen. Køres fra Unix shell;En smule på https://aausysadm.wiki.ist.aau.dk/index.php/IST_Management_Applications;Nej, tror det ikke;Ved ikke;Vores egen (usermgmt01.ist.aau.dk);N/A;;AIU: 5;;;Forventes at skulle dø/udgå ifm. Introduktionen af IDM, dog skal en enkelt komponent (EduserWindowsAgent) måske genbruges;MMH;20-05-2015;;;;;;;;;;;;;;;;;;;;;;;;;;;;;;;;;;;;;;;;;;;;;;;;;;;;;;;;;;;;;;;;;;;;;;;;;;;;;;;;;;;;;;;;;;;;;;;;;;;;;;;;;;;;;;;;;;;;;;;;
27;Energykey;Dataopsamling fra energisensorer;;;;;Administration;MW;;;TF / Kenneth Hansen;TF;;Lav ;210.000;;;;25.000;235.000;;;;;;;;;;;JNI;ITS;;;"AIU: 0
IFS: 1";;;;HB;16-12-2015;;;;;;;;;;;;;;;;;;;;;;;;;;;;;;;;;;;;;;;;;;;;;;;;;;;;;;;;;;;;;;;;;;;;;;;;;;;;;;;;;;;;;;;;;;;;;;;;;;;;;;;;;;;;;;;;;;;;;;;;
12;Ephorus;Plagiatkontrol;;;;;Forskning & Formidling;;;;;SF;;;65.000;;;;;65.000;;;;;;;;;;;;;;Nej;AIU: 0;;;Der er træffet aftale om at udskifte Epherus med Urekund. Det forventes vist implementeret i starten af 2016.;;07-07-2015;;;;;;;;;;;;;;;;;;;;;;;;;;;;;;;;;;;;;;;;;;;;;;;;;;;;;;;;;;;;;;;;;;;;;;;;;;;;;;;;;;;;;;;;;;;;;;;;;;;;;;;;;;;;;;;;;;;;;;;;
52;ERAP;Simpelt konferencesystem;;Egenudvikling;;;ITS (internt);;;;;;;;;;;;;;;;;;;;;;;;;;;;"AIU: 2
IFS: 2";;;;MPB;16-12-2015;;;;;;;;;;;;;;;;;;;;;;;;;;;;;;;;;;;;;;;;;;;;;;;;;;;;;;;;;;;;;;;;;;;;;;;;;;;;;;;;;;;;;;;;;;;;;;;;;;;;;;;;;;;;;;;;;;;;;;;;
11;E-valg;Valg system;Valg portal, Valg Administration, Valg Administration (lokal);DTU (SaaS løsning) + egen udvikling (til udtræk);;;Studieadministrationen;;;Anne Kielgast / Birthe R. Kennedy;;SF;;Mellem;207.000;;;;;207.000;konteres på art 147041 - fast licens;;;~30000;;;;;;;;;"http://aauvalg.aau.dk/afstemning 
";Nej;AIU: 7;;;;MMH;22-05-2015;;;;;;;;;;;;;;;;;;;;;;;;;;;;;;;;;;;;;;;;;;;;;;;;;;;;;;;;;;;;;;;;;;;;;;;;;;;;;;;;;;;;;;;;;;;;;;;;;;;;;;;;;;;;;;;;;;;;;;;;
88;Exam Monitor;Værktøj der annvendes til stedprøver. Optager regelmæssigt den studerendes skærm, og lagres informationen. Benyttes til at sikre at den studerende ikke anvender ulovlige  digitale hjælpemidler;;SDU;Exam Monitor;;Studieadministrationen;;;SF ;Lone Vestergård;;;Lav;;;;;;;;;;;;;;;;;;;;;AIU: ?;;;;;;;;;;;;;;;;;;;;;;;;;;;;;;;;;;;;;;;;;;;;;;;;;;;;;;;;;;;;;;;;;;;;;;;;;;;;;;;;;;;;;;;;;;;;;;;;;;;;;;;;;;;;;;;;;;;;;;;;;;;;;
74;Feriefond;Holder styr på feriepenge / feriefonden;;Egenudvikling (Helle E);;;Administration;;;Helle Eskildsen;;;;;;;;;;;;;;;;;;;;;PL;;;;AIU: 1;;;;;;;;;;;;;;;;;;;;;;;;;;;;;;;;;;;;;;;;;;;;;;;;;;;;;;;;;;;;;;;;;;;;;;;;;;;;;;;;;;;;;;;;;;;;;;;;;;;;;;;;;;;;;;;;;;;;;;;;;;;;;
37;FI&D;;;;;;Administration;MW;KK;;;ØA;;;128.000;;;;2.442.000;2.570.000;;;;;;;;;;;PAM/GGL;;;;"AIU: 10
IFS: 9";;;;;;;;;;;;;;;;;;;;;;;;;;;;;;;;;;;;;;;;;;;;;;;;;;;;;;;;;;;;;;;;;;;;;;;;;;;;;;;;;;;;;;;;;;;;;;;;;;;;;;;;;;;;;;;;;;;;;;;;;;;;;
63;Fildeling;Upload af store filer samt filer der skal adgangsbeskyttes via CAS;;Egenudviklet;;;ITS (internt);;;;;;;;;;;;;;;;;Backend inddatering: Ansatte på AAU. Visning: Besøgende på AAU's hjemmesider, hvortil der er uploadet filer via files.;;;Nej;;https://secure.aub.aau.dk/wiki/aauportal/index.php/Fildeling (Gammelt og uopdateret);;;;http://files.portal.aau.dk/filesharing/;;AIU: ?;;;Udfasningsplan ønskes: Links til filer lagt op til files bruges mange steder på hjemmesider f.eks. http://www.intern.aau.dk/ansatte/ledelsen-AAU/direktionen/direktionsmoeder-2013/. Der mangler et alternativ før der kan lukkes for files.portal;CLA;02-06-2015;;;;;;;;;;;;;;;;;;;;;;;;;;;;;;;;;;;;;;;;;;;;;;;;;;;;;;;;;;;;;;;;;;;;;;;;;;;;;;;;;;;;;;;;;;;;;;;;;;;;;;;;;;;;;;;;;;;;;;;;
98;Filservice;Personlige og fælles fildrev for alle studerende og ansatte til administration, forskning og undervisning;;;;;Forskning & Formidling;;;;ITS;ITS;;Høj;;;;;;;;;;Alle ansatte og studerende;;;;;;;FHJ, JOG, BNK, JC;ITS;;Ja;"AIU: 0
IFS: 10";;;;HB;16-12-2015;;;;;;;;;;;;;;;;;;;;;;;;;;;;;;;;;;;;;;;;;;;;;;;;;;;;;;;;;;;;;;;;;;;;;;;;;;;;;;;;;;;;;;;;;;;;;;;;;;;;;;;;;;;;;;;;;;;;;;;;
24;FirstClass;;;;;;Uddannelse & Læring;;;Lillian Buus, Brian Møller, Tina Funck, Nienke W. Larsen;;ITS;;Mellem;59.000;;;;;59.000;Systemsoftware til e-læring;;;;http://www.servicekatalog.its.aau.dk/uddannelses-it-medier-og-laboratorier//#firstclass-undervisning, http://www.servicekatalog.its.aau.dk/uddannelses-it-medier-og-laboratorier//#firstclass-support, http://www.servicekatalog.its.aau.dk/uddannelses-it-medier-og-laboratorier//#firstclass-oprettelse;;;;;;CS, FHJ;ITS;;Ja;"AIU: 5
IFS: 0,2";;;;HB;16-12-2015;;;;;;;;;;;;;;;;;;;;;;;;;;;;;;;;;;;;;;;;;;;;;;;;;;;;;;;;;;;;;;;;;;;;;;;;;;;;;;;;;;;;;;;;;;;;;;;;;;;;;;;;;;;;;;;;;;;;;;;;
118;FTP;Upload af data i forskningssammenhæng for HST, ES;;;;;;;;;;;;;;;;;;;;;;;;;;;;;;;;;AIU: 0;;;;;;;;;;;;;;;;;;;;;;;;;;;;;;;;;;;;;;;;;;;;;;;;;;;;;;;;;;;;;;;;;;;;;;;;;;;;;;;;;;;;;;;;;;;;;;;;;;;;;;;;;;;;;;;;;;;;;;;;;;;;;
85;Google Analytics;At opsamle og kunne levere statistik på brugen af AAU's hjemmesider;Knyttes til universitetets hjemmesider. I InfoGlue gør vi dette inden publicering af det enkelte site. Er knyttet sammen med Google Webmaster Tools;Google;Google Analytics;Altid nyeste;Forskning & Formidling;;;Webteam;;;;Mellem;;;;;;;Gratis;;;Mange webredaktører har adgang samt internt i AIU;;;;;;;;;www.google.com/analytics/;;AIU: 5;;;;KRN;15-06-2015;;;;;;;;;;;;;;;;;;;;;;;;;;;;;;;;;;;;;;;;;;;;;;;;;;;;;;;;;;;;;;;;;;;;;;;;;;;;;;;;;;;;;;;;;;;;;;;;;;;;;;;;;;;;;;;;;;;;;;;;
84;Google Forms;Formularer til indlejring på hjemmesider;Indlejres i InfoGlue via Iframes;Google;;;Forskning & Formidling;;;Webteam;;;;;;;;;;;;;;;;;;;;;;;;;AIU: 5;;;;CLA;02-06-2015;;;;;;;;;;;;;;;;;;;;;;;;;;;;;;;;;;;;;;;;;;;;;;;;;;;;;;;;;;;;;;;;;;;;;;;;;;;;;;;;;;;;;;;;;;;;;;;;;;;;;;;;;;;;;;;;;;;;;;;;
87;Google Tag Manager;Alt rumme alle tags, der skal udløses på den enkelte hjemmeside;Tilknyttes alle sites i InfoGlue;Google;Google Tag Manager;Altid nyeste;Forskning & Formidling;;;Webteam;;;;Mellem;;;;;;;Gratis;;;Primært webteamet samt AUB;;;;;;;;;http://www.google.com/tagmanager/;;AIU: 5;;;;KRN;15-06-2015;;;;;;;;;;;;;;;;;;;;;;;;;;;;;;;;;;;;;;;;;;;;;;;;;;;;;;;;;;;;;;;;;;;;;;;;;;;;;;;;;;;;;;;;;;;;;;;;;;;;;;;;;;;;;;;;;;;;;;;;
86;Google Webmaster Tools;Overvågning af hjemmesider i forhold til fejl, hacking etc.;Tilknyttes alle sites i InfoGlue, er knyttet sammen med Google Analytics;Google;Google Webmaster Tools;Altid nyeste;Forskning & Formidling;;;Webteam;;;;Mellem;;;;;;;Gratis;;;Primært webteamet. Øvrige brugere har adgang til data via Google Analytics pga. integration;;;;;;;;;https://www.google.com/webmasters/tools/;;AIU: 5;;;;KRN;15-06-2015;;;;;;;;;;;;;;;;;;;;;;;;;;;;;;;;;;;;;;;;;;;;;;;;;;;;;;;;;;;;;;;;;;;;;;;;;;;;;;;;;;;;;;;;;;;;;;;;;;;;;;;;;;;;;;;;;;;;;;;;
123;Housing af servere;Housing af servere for forskere, dvs. strøm, køl og netværk for maskiner administreret af forskere selv. Variant med adgang til udstyr med eller uden ledsaget adgang i forskellige maskinstuer.;;;;;;;;;;;;;;;;;;;;;;;;;;;;;;;;;"AIU: 0
SUP:0
IFS: 2";;;;;;;;;;;;;;;;;;;;;;;;;;;;;;;;;;;;;;;;;;;;;;;;;;;;;;;;;;;;;;;;;;;;;;;;;;;;;;;;;;;;;;;;;;;;;;;;;;;;;;;;;;;;;;;;;;;;;;;;;;;;;
135;HPC;Installation og servicering af lokale cluster beregningsløsninger. Teknologisk rådgivning om platform og anvendelse.;;;;;;;;;;;;;;;;;;;;;;;;;;;;;;;;;"AIU: 0
IFS: 25";;;;MPB;16-12-2015;;;;;;;;;;;;;;;;;;;;;;;;;;;;;;;;;;;;;;;;;;;;;;;;;;;;;;;;;;;;;;;;;;;;;;;;;;;;;;;;;;;;;;;;;;;;;;;;;;;;;;;;;;;;;;;;;;;;;;;;
101;Infoskærme;AVC Infoskærme;;AVC;;;;;;;;;;Lav;;;;;;;;;;;;;;;;;JNI;ITS;;;"AIU: 0
IFS: 2";;;;HB;16-12-2015;;;;;;;;;;;;;;;;;;;;;;;;;;;;;;;;;;;;;;;;;;;;;;;;;;;;;;;;;;;;;;;;;;;;;;;;;;;;;;;;;;;;;;;;;;;;;;;;;;;;;;;;;;;;;;;;;;;;;;;;
35;Inteum;Patentstyring;;;;;Administration;;;;;;;Høj;;;;;;;;;;;;;;;;;CS;ITS;;;"AIU: 0
IFS: 1";;;;HB;16-12-2015;;;;;;;;;;;;;;;;;;;;;;;;;;;;;;;;;;;;;;;;;;;;;;;;;;;;;;;;;;;;;;;;;;;;;;;;;;;;;;;;;;;;;;;;;;;;;;;;;;;;;;;;;;;;;;;;;;;;;;;;
50;IRIS;;;Egenudvikling;;;Studieadministrationen;;;;;;;;;;;;;;;;;;;;;;;;;;;;"AIU: 150
IFS: 3";;;;MPB;16-12-2015;;;;;;;;;;;;;;;;;;;;;;;;;;;;;;;;;;;;;;;;;;;;;;;;;;;;;;;;;;;;;;;;;;;;;;;;;;;;;;;;;;;;;;;;;;;;;;;;;;;;;;;;;;;;;;;;;;;;;;;;
47;iStads;;;;;;Studieadministrationen;Henrik Brohus;;Pernille Refstrup;Lone Vestergård;SF;;Høj;;;;;;;;;;;;;;;;;;;;;AIU: 2;;;;;;;;;;;;;;;;;;;;;;;;;;;;;;;;;;;;;;;;;;;;;;;;;;;;;;;;;;;;;;;;;;;;;;;;;;;;;;;;;;;;;;;;;;;;;;;;;;;;;;;;;;;;;;;;;;;;;;;;;;;;;
75;Itstart;Gl system til selvoprettelse af brugere for studerende;;Egenudvikling;;;ITS (internt);;;Birthe Riis Kennedy;;ITS;;;;;;;;;;;;;;;;;;;;;;;AIU: 1;;;;;;;;;;;;;;;;;;;;;;;;;;;;;;;;;;;;;;;;;;;;;;;;;;;;;;;;;;;;;;;;;;;;;;;;;;;;;;;;;;;;;;;;;;;;;;;;;;;;;;;;;;;;;;;;;;;;;;;;;;;;;
21;Jira;Issuetracking;Jira, Confluence + diverse komponenter (Jira Agile, Zephyr, Balsamic MockUP);Atlassian m.fl.;Jira;6.2.5;ITS (internt);;;Henrik Larsen / Lars Anderson;Kirsten Hjerrild;ITS;Ja (AIU Ledelsen);;21.000;;;;;21.000;System der anvendes i Anvendt IT og Udvikling /ITS;;https://jira.srv.aau.dk/jira/browse/AIUTOOLING;60;;;;;;;AHZ;ITS;https://jira.srv.aau.dk;Nej;AIU: 2;;;;MPB;16-12-2015;;;;;;;;;;;;;;;;;;;;;;;;;;;;;;;;;;;;;;;;;;;;;;;;;;;;;;;;;;;;;;;;;;;;;;;;;;;;;;;;;;;;;;;;;;;;;;;;;;;;;;;;;;;;;;;;;;;;;;;;
142;Kaltura v. DeIC;Vi er ved at hjælpe MIL med at komme fra en tidligere HUM-IKT/ITS community edition Kaltura til en kommerciel udgave af Kaltura som DeIC hoster.;;DeIC;Kaltura;;;;;;;;;;;;;;;;;;;;;;;;;;;;;;Sup:0;;;;;;;;;;;;;;;;;;;;;;;;;;;;;;;;;;;;;;;;;;;;;;;;;;;;;;;;;;;;;;;;;;;;;;;;;;;;;;;;;;;;;;;;;;;;;;;;;;;;;;;;;;;;;;;;;;;;;;;;;;;;;
90;KOSMO;Kursusoprettelsessystem til Moodle;;Egenudvikling;;;Uddannelse & Læring;;;Lillian Buus, Brian Møller, Tina Funck;;ITS;;Høj;;;;;;;;;;;;;;;;;;ITS;kosmo.moodle.aau.dk;;AIU: 10;;;;BM;27-11-2015;;;;;;;;;;;;;;;;;;;;;;;;;;;;;;;;;;;;;;;;;;;;;;;;;;;;;;;;;;;;;;;;;;;;;;;;;;;;;;;;;;;;;;;;;;;;;;;;;;;;;;;;;;;;;;;;;;;;;;;;
102;Licensservere;Licensservere for ca. 60 forskellige softwareprodukter fx AutoCAD, Matlab, Maple;;;;;;;;;ITS;ITS;;Mellem;;;;;;;;;;;;;;;;;JNI;ITS;;;"AIU: 0
IFS: 10";;;;HB;16-12-2015;;;;;;;;;;;;;;;;;;;;;;;;;;;;;;;;;;;;;;;;;;;;;;;;;;;;;;;;;;;;;;;;;;;;;;;;;;;;;;;;;;;;;;;;;;;;;;;;;;;;;;;;;;;;;;;;;;;;;;;;
104;Lync/Skype for Business;;;;;;;;;;;;;;;;;;;;;;;;;;;;;;;;;;AIU: 0;;;POC, tidsforbrug er via projekt leverancer;;;;;;;;;;;;;;;;;;;;;;;;;;;;;;;;;;;;;;;;;;;;;;;;;;;;;;;;;;;;;;;;;;;;;;;;;;;;;;;;;;;;;;;;;;;;;;;;;;;;;;;;;;;;;;;;;;;;;;;;;;
76;Mahara;online værktøj til portfolio- og gruppearbejde;;Open-source;;;Uddannelse & Læring;;;Lillian Buus, Brian Møller, Tina Funck, Nienke W. Larsen;;ITS;;Lav;;;;;;;;;;~30000;, http://www.servicekatalog.its.aau.dk/uddannelses-it-medier-og-laboratorier//#mahara-undervisning;;;https://wiki.mahara.org/index.php/System_Administrator%27s_Guide/Requirements#Web_Browser;;;;ITS;http://mahara.aau.dk;;AIU: 4;;;;MMH;22-05-2015;;;;;;;;;;;;;;;;;;;;;;;;;;;;;;;;;;;;;;;;;;;;;;;;;;;;;;;;;;;;;;;;;;;;;;;;;;;;;;;;;;;;;;;;;;;;;;;;;;;;;;;;;;;;;;;;;;;;;;;;
105;Mail og kalender (Exchange);Mail og kalender for alle ansatte og studerende;;;;;;;;;ITS;ITS;;Høj;;;;;;;;;;Alle ansatte og studerende;;;;;;;EHN, DB, SV;ITS;;;"AIU: 0
IFS: 100
SUP: ?";;;Arbejde med større overdragelse af requests til support;;;;;;;;;;;;;;;;;;;;;;;;;;;;;;;;;;;;;;;;;;;;;;;;;;;;;;;;;;;;;;;;;;;;;;;;;;;;;;;;;;;;;;;;;;;;;;;;;;;;;;;;;;;;;;;;;;;;;;;;;;
106;Mailinglister;Mailman-baserede maillinglister med mulighed for self-service for at dække scenarier hvor Exchange ikke er velegnet;;;;;;;;;;;;;;;;;;;;;;;;;;;;;;;;;"AIU: 0
IFS: 1";;;;HB;16-12-2015;;;;;;;;;;;;;;;;;;;;;;;;;;;;;;;;;;;;;;;;;;;;;;;;;;;;;;;;;;;;;;;;;;;;;;;;;;;;;;;;;;;;;;;;;;;;;;;;;;;;;;;;;;;;;;;;;;;;;;;;
25;MdocFM;Facility management system;;NTI CAD;;;Administration;MW;;Rasmus Wernlund;TF;TF;;Høj;;;;;650.000;650.000;;;;;;;;;;;KBA;ITS;;Ja;"AIU: 0
IFS: 1
SUP: <1";;;;HB;16-12-2015;;;;;;;;;;;;;;;;;;;;;;;;;;;;;;;;;;;;;;;;;;;;;;;;;;;;;;;;;;;;;;;;;;;;;;;;;;;;;;;;;;;;;;;;;;;;;;;;;;;;;;;;;;;;;;;;;;;;;;;;
26;Minuba;Sagstyringssytem til registrering af udestående og vedligehol på bygninger;;;;;Administration;MW;;;TF;TF;;;80.000;;;;;80.000;;;;;;;;;;;KBA;ITS;;Ja;"AIU: 0
IFS: 0,5";;;;HB;16-12-2015;;;;;;;;;;;;;;;;;;;;;;;;;;;;;;;;;;;;;;;;;;;;;;;;;;;;;;;;;;;;;;;;;;;;;;;;;;;;;;;;;;;;;;;;;;;;;;;;;;;;;;;;;;;;;;;;;;;;;;;;
30;Moodle;;Moodle, Kosmo, CalMoodle;Open-source;Moodle;;Uddannelse & Læring;;JCB;Lillian Buus, Brian Møller, Tina Funck, Nienke W. Larsen;;ITS;Ja;Høj;;;;;;;;;https://jira.srv.aau.dk/jira/browse/MOODLE/;~30000;, http://www.servicekatalog.its.aau.dk/uddannelses-it-medier-og-laboratorier//#moodle-undervisning, http://www.servicekatalog.its.aau.dk/uddannelses-it-medier-og-laboratorier//#moodle-support;;;https://docs.moodle.org/dev/Moodle_2.7_release_notes#Browser_support;;;MPB;ITS;https://www.moodle.aau.dk/;Ja;"AIU: 75
IFS: 0,5
SUP:?";;;;MPB;16-12-2015;;;;;;;;;;;;;;;;;;;;;;;;;;;;;;;;;;;;;;;;;;;;;;;;;;;;;;;;;;;;;;;;;;;;;;;;;;;;;;;;;;;;;;;;;;;;;;;;;;;;;;;;;;;;;;;;;;;;;;;;
70;Mossad;Brugeroprettelse og adgangstildeling på Oracle systemer;;Egenudvikling;;;ITS (internt);;;;;ITS;;;;;;;;;;;;;;;;;;;;;;;AIU: 0;;;;;;;;;;;;;;;;;;;;;;;;;;;;;;;;;;;;;;;;;;;;;;;;;;;;;;;;;;;;;;;;;;;;;;;;;;;;;;;;;;;;;;;;;;;;;;;;;;;;;;;;;;;;;;;;;;;;;;;;;;;;;
107;MS SQL;Databasekapacitet til lagring og bearbejdning af data, ofte som backend til andre systemer og applikationer;;;;;;;;;ITS;ITS;;Høj;;;;;;;;;;;;;;;;;TM, KBA;ITS;;Nej, typisk ikke;"AIU: 0
IFS: 40";;;;HB;16-12-2015;;;;;;;;;;;;;;;;;;;;;;;;;;;;;;;;;;;;;;;;;;;;;;;;;;;;;;;;;;;;;;;;;;;;;;;;;;;;;;;;;;;;;;;;;;;;;;;;;;;;;;;;;;;;;;;;;;;;;;;;
108;MySQL;"Databasekapacitet til lagring og bearbejdning af forskningsdata eller data i forbindelse med projektarbejde.

Findes også i stor grad som delkomponent til diverse webting hvor de er ""indlejeret"" på webserverne.";;;;;;;;;;;;;;;;;;;;;;;;;;;;;;;;;"AIU: 0
IFS:1";;;;;;;;;;;;;;;;;;;;;;;;;;;;;;;;;;;;;;;;;;;;;;;;;;;;;;;;;;;;;;;;;;;;;;;;;;;;;;;;;;;;;;;;;;;;;;;;;;;;;;;;;;;;;;;;;;;;;;;;;;;;;
109;Navision - Studentersamfundet;Navision for Studentersamfundet;;Navisupport;;;;;;;Studentersamfundet;;;Mellem;;;;;;;;;;;;;;;;;KBA;ITS;;;"AIU: 0
IFS: 1";;;;HB;16-12-2015;;;;;;;;;;;;;;;;;;;;;;;;;;;;;;;;;;;;;;;;;;;;;;;;;;;;;;;;;;;;;;;;;;;;;;;;;;;;;;;;;;;;;;;;;;;;;;;;;;;;;;;;;;;;;;;;;;;;;;;;
110;Navision - Aalborg Universitetsforlag;Navision for Aalborg Universitetsforlag;;;;;;;;;;;;;;;;;;;;;;;;;;;;;;;;;"AIU: 0
IFS: 0,2";;;;HB;16-12-2015;;;;;;;;;;;;;;;;;;;;;;;;;;;;;;;;;;;;;;;;;;;;;;;;;;;;;;;;;;;;;;;;;;;;;;;;;;;;;;;;;;;;;;;;;;;;;;;;;;;;;;;;;;;;;;;;;;;;;;;;
58;Nemrefusion (SNIF);Integration mellem sygefravær system og virk.dk mht at sende refusion for sygdom og barsel/forælderorlov til virk.dk;;Logistisc;SNIF;;Administration;MW;;Helle Eskildsen;HR-afdelingen;;;;;;;;;;;;;;;;;;;;;;;;AIU: 5;;;;HE;29-05-2015;;;;;;;;;;;;;;;;;;;;;;;;;;;;;;;;;;;;;;;;;;;;;;;;;;;;;;;;;;;;;;;;;;;;;;;;;;;;;;;;;;;;;;;;;;;;;;;;;;;;;;;;;;;;;;;;;;;;;;;;
141;Netværk - særligt LAB-netværk for ES;;;;;;;;;;;;;;;;;;;;;;;;;;;;;;;;;Ja;IFS: 1;;;;;;;;;;;;;;;;;;;;;;;;;;;;;;;;;;;;;;;;;;;;;;;;;;;;;;;;;;;;;;;;;;;;;;;;;;;;;;;;;;;;;;;;;;;;;;;;;;;;;;;;;;;;;;;;;;;;;;;;;;;;;
125;Netværk for brugere;Trådløst og kablet netværk for brugere;;;;;;;;;;;;;;;;;;;;;;;;;;;;;;;;;"AIU: 0
IFS: 60";;;;;;;;;;;;;;;;;;;;;;;;;;;;;;;;;;;;;;;;;;;;;;;;;;;;;;;;;;;;;;;;;;;;;;;;;;;;;;;;;;;;;;;;;;;;;;;;;;;;;;;;;;;;;;;;;;;;;;;;;;;;;
148;Netværksinfrastruktur;Fiberforbindelser og netværksudstyr der binder AAU sammen på tværs af lokationer og gør netværk tilgængeligt for servere.;;Cisco, F5;;;;;;;;;;;;;;;;;;;;;;;;;;;;;;Nej;IFS: 70;;;;;;;;;;;;;;;;;;;;;;;;;;;;;;;;;;;;;;;;;;;;;;;;;;;;;;;;;;;;;;;;;;;;;;;;;;;;;;;;;;;;;;;;;;;;;;;;;;;;;;;;;;;;;;;;;;;;;;;;;;;;;
72;Netwise;Omstillings central til telefoni;;;;;ITS (internt);;;;TF;TF;;;;;;;;;;;;;;;;;;;;;;;AIU: 0;;;;;;;;;;;;;;;;;;;;;;;;;;;;;;;;;;;;;;;;;;;;;;;;;;;;;;;;;;;;;;;;;;;;;;;;;;;;;;;;;;;;;;;;;;;;;;;;;;;;;;;;;;;;;;;;;;;;;;;;;;;;;
132;Office 365 eksperimentiel;Cloudservice med mange forskellige produkter;;;;;;;;;ITS;;;Mellem;;;;;;;;;;;;;;;;;KST;Microsoft;;Ja;"AIU: 0
IFS: 5
SUP:0";;;;HB;16-12-2015;;;;;;;;;;;;;;;;;;;;;;;;;;;;;;;;;;;;;;;;;;;;;;;;;;;;;;;;;;;;;;;;;;;;;;;;;;;;;;;;;;;;;;;;;;;;;;;;;;;;;;;;;;;;;;;;;;;;;;;;
151;Oracle Applikationsservere;Drift af applikationsservere til understøttelse af bl.a. egenudviklede systemer;;Oracle;WebLogic;;;;;;;;;;;;;;;;;;;;;;;;;;;;;Nej;IFS: 10;;;Medregner ikke den tid som bruges på bl.a. ØSS og STADS som ere opgivet ved disse.;MPB;17-12-2015;;;;;;;;;;;;;;;;;;;;;;;;;;;;;;;;;;;;;;;;;;;;;;;;;;;;;;;;;;;;;;;;;;;;;;;;;;;;;;;;;;;;;;;;;;;;;;;;;;;;;;;;;;;;;;;;;;;;;;;;
150;Oracle databaser;Drift af databaser til understøttelse af bl.a. egenudviklede systemer;;Oracle;Oracle Database;12c;;;;;;;;;;;;;;;;;;;;;;;;;;;;Nej, typisk ikke;IFS: 15;;;Medregner ikke den tid som bruges på bl.a. ØSS og STADS som ere opgivet ved disse.;MPB;17-12-2015;;;;;;;;;;;;;;;;;;;;;;;;;;;;;;;;;;;;;;;;;;;;;;;;;;;;;;;;;;;;;;;;;;;;;;;;;;;;;;;;;;;;;;;;;;;;;;;;;;;;;;;;;;;;;;;;;;;;;;;;
83;ordbog.aau.dk;AAU terminologiliste dansk-engelsk;;Atira?;;;Forskning & Formidling;;;Kirsten Gammelgaard?;AAU Language and Communication Services;AAU Language and Communication Services;;Lav;;;;;;;;;;;;;;;;;;;http://www.ordbog.aau.dk;;AIU: 1;;;;;;;;;;;;;;;;;;;;;;;;;;;;;;;;;;;;;;;;;;;;;;;;;;;;;;;;;;;;;;;;;;;;;;;;;;;;;;;;;;;;;;;;;;;;;;;;;;;;;;;;;;;;;;;;;;;;;;;;;;;;;
111;Overvågning;Overvågning af systemhelbred for ITS og source systemer;;;;;;;;;;;;;;;;;;;;;;;;;;;;;;;;;"AIU: 0
SUP:0
IFS: 20";;;Mange yderligere timer igennem projektleverance. Angivet timetal er forventet for 2016 hvor der stadigvæk er behov for at etablere overvågning for mange systemer.;;;;;;;;;;;;;;;;;;;;;;;;;;;;;;;;;;;;;;;;;;;;;;;;;;;;;;;;;;;;;;;;;;;;;;;;;;;;;;;;;;;;;;;;;;;;;;;;;;;;;;;;;;;;;;;;;;;;;;;;;;
49;PDS;PersonDataSystemet;;;;3.0.20;ITS (internt);;;Nienke;HR-afdelingen (som dog ikke vil vedkende sig systemejerskabet);ITS;;;;;;;;;;;;;;;;;;;;;;;AIU: 5;;;;;;;;;;;;;;;;;;;;;;;;;;;;;;;;;;;;;;;;;;;;;;;;;;;;;;;;;;;;;;;;;;;;;;;;;;;;;;;;;;;;;;;;;;;;;;;;;;;;;;;;;;;;;;;;;;;;;;;;;;;;;
14;PeopleXS;E-rekkruttering;PeopleXS, stillinger.aau.dk, lokal logon side;Talent Soft;PeopleXS;;Administration;MW;;Trine Bovbjerg / Karl Henrik Hedegaard;;HR;Nej;;;;;235.500;14.500;250.000;;;https://jira.srv.aau.dk/jira/browse/PEOP;;;;;;;Nej, men et pilot projekt starter i efteråret 2015 (enkelte komponenter er overvåget);PL;SaaS + ITS;;Ja;AIU: 2;;;;MMH;20-05-2015;;;;;;;;;;;;;;;;;;;;;;;;;;;;;;;;;;;;;;;;;;;;;;;;;;;;;;;;;;;;;;;;;;;;;;;;;;;;;;;;;;;;;;;;;;;;;;;;;;;;;;;;;;;;;;;;;;;;;;;;
67;Personaleinfo;Viser en personprofil for personer på AAU.;;;;;ITS (internt);;;;;ITS;;Mellem;;;;;;;;;https://jira.srv.aau.dk/jira/browse/PINFO/;;;;;;;;;;http://personprofil.aau.dk;;AIU: 2;;;Skal denne være et selvstændigt produkt eller er det en del af PDS. Brugerne binder den meget sammen med PDS. Men det er vel sit eget produkt.;MMH;28-01-2016;;;;;;;;;;;;;;;;;;;;;;;;;;;;;;;;;;;;;;;;;;;;;;;;;;;;;;;;;;;;;;;;;;;;;;;;;;;;;;;;;;;;;;;;;;;;;;;;;;;;;;;;;;;;;;;;;;;;;;;;
112;Personlige websider;Diverse systemer og teknologier som stiller personlige hjemmesider til rådighed for ansatte og studerende. Findes som enkelte (ikke konsoliderede) systemer for de fleste institutter/afdelinger.;;;;;;;;;;;;;;;;;;;;;;;;;;;;;;;;;"AIU: 0
IFS: 2";;;;MPB;16-12-2015;;;;;;;;;;;;;;;;;;;;;;;;;;;;;;;;;;;;;;;;;;;;;;;;;;;;;;;;;;;;;;;;;;;;;;;;;;;;;;;;;;;;;;;;;;;;;;;;;;;;;;;;;;;;;;;;;;;;;;;;
36;PhDmanager;Phd administation;PhdWeb, Windows Klient, NT Service;SDU + egenudvikling;Custom;;Forskning & Formidling;;KK;;;?;;Mellem;;;;;;;;;;;;;;;;;;;;;"AIU: 10
IFS: 0,2";;;;HB;16-12-2015;;;;;;;;;;;;;;;;;;;;;;;;;;;;;;;;;;;;;;;;;;;;;;;;;;;;;;;;;;;;;;;;;;;;;;;;;;;;;;;;;;;;;;;;;;;;;;;;;;;;;;;;;;;;;;;;;;;;;;;;
113;PostGRE SQL;"Databasekapacitet til lagring og bearbejdning af forskningsdata eller data i forbindelse med projektarbejde.

Er dedikeret komponent til Moodle.

Findes også i som delkomponent til diverse webting hvor de er ""indlejeret"" på webserverne.";;;;;;;;;;;;;;;;;;;;;;;;;;;;;;;;;"AIU: 0
IFS: 1";;;;;;;;;;;;;;;;;;;;;;;;;;;;;;;;;;;;;;;;;;;;;;;;;;;;;;;;;;;;;;;;;;;;;;;;;;;;;;;;;;;;;;;;;;;;;;;;;;;;;;;;;;;;;;;;;;;;;;;;;;;;;
17;Primo ;(bibliotekssystem);;;;;Forskning & Formidling;;;Kasper Løvschall, AUB;Niels Henrik Gylstorff?;AUB;;;248.000;;;;43.000;291.000;;;;;;;;;;;;;http://primo.aub.aau.dk/;;AIU: ?;;;;CLA;09-06-1956;;;;;;;;;;;;;;;;;;;;;;;;;;;;;;;;;;;;;;;;;;;;;;;;;;;;;;;;;;;;;;;;;;;;;;;;;;;;;;;;;;;;;;;;;;;;;;;;;;;;;;;;;;;;;;;;;;;;;;;;
137;Print for ØSS og STADS;System til at printe direkte fra ØSS og STADS til printere;;;;;;;;;;;;;;;;;;;;;;;;;;;;;;;;Nej;"AIU: 0
IFS: 0";;;;;;;;;;;;;;;;;;;;;;;;;;;;;;;;;;;;;;;;;;;;;;;;;;;;;;;;;;;;;;;;;;;;;;;;;;;;;;;;;;;;;;;;;;;;;;;;;;;;;;;;;;;;;;;;;;;;;;;;;;;;;
114;Print og kopi;Print og kopi på printere og kopimaskiner.;;;;;;;;;;;;Høj;;;;;;;;;;;;;;;;;;;;;"AIU: 0
IFS:2
SUP:?";;;;MPB;16-12-2015;;;;;;;;;;;;;;;;;;;;;;;;;;;;;;;;;;;;;;;;;;;;;;;;;;;;;;;;;;;;;;;;;;;;;;;;;;;;;;;;;;;;;;;;;;;;;;;;;;;;;;;;;;;;;;;;;;;;;;;;
23;ProjectFlow;Projektstyring;;Flowit;ProjectFlow;;ITS (internt);;;;SOP;ITS;;Lav;;;;;;0;Systemsoftware til projektstyring;;;50;;;;;;;KBA;ITS;https://projekter.its.aau.dk/;Ja;"AIU: 0
IFS: 0,2";;;;;;;;;;;;;;;;;;;;;;;;;;;;;;;;;;;;;;;;;;;;;;;;;;;;;;;;;;;;;;;;;;;;;;;;;;;;;;;;;;;;;;;;;;;;;;;;;;;;;;;;;;;;;;;;;;;;;;;;;;;;;
53;Projektbiblioteket;Online publicering af digitale udgaver af afgangsprojekter og specialer fra hele universitetet ;;Elsevier;Pure;4.21.3-4;Forskning & Formidling;;;Anne Marya Greve, AUB;Niels Henrik Gylstorff?;AUB;;;;;;;;;;;;;;;;;;;;;http://www.projekter.aau.dk;;AIU: 0;;;;CLA;02-06-2015;;;;;;;;;;;;;;;;;;;;;;;;;;;;;;;;;;;;;;;;;;;;;;;;;;;;;;;;;;;;;;;;;;;;;;;;;;;;;;;;;;;;;;;;;;;;;;;;;;;;;;;;;;;;;;;;;;;;;;;;
8;Prophix;Budgetering;;;;;Administration;MW;KK;;ØA/Gitte Hartung;ØA;;Høj;417.600;;;467.000;300.000;1.184.600;;;;;;;;;;;KBA, TM;;;Ja;"AIU: 0
IFS: 1";;;;HB;16-12-2015;;;;;;;;;;;;;;;;;;;;;;;;;;;;;;;;;;;;;;;;;;;;;;;;;;;;;;;;;;;;;;;;;;;;;;;;;;;;;;;;;;;;;;;;;;;;;;;;;;;;;;;;;;;;;;;;;;;;;;;;
9;Qlikview;BI værktøj, ledelsesrapportering;;;;;Administration;MW;KK;Andreas Hyldgaard;ØA / Morten Winterberg;ØA;;;723.287;;;267.000;200.000;1.190.287;;;;;;;;;;;KBA;;;Ja;AIU: 0;;;;HB;16-12-2015;;;;;;;;;;;;;;;;;;;;;;;;;;;;;;;;;;;;;;;;;;;;;;;;;;;;;;;;;;;;;;;;;;;;;;;;;;;;;;;;;;;;;;;;;;;;;;;;;;;;;;;;;;;;;;;;;;;;;;;;
145;Quest;Kalendersynkronisering mellem RN og AAU;;Dell;;;;;;;ITS;;;Lav;;;;;;;;;;;;;;;;;EHN;ITS;;Ja;IFS: 2;;;;HB;17-12-2015;;;;;;;;;;;;;;;;;;;;;;;;;;;;;;;;;;;;;;;;;;;;;;;;;;;;;;;;;;;;;;;;;;;;;;;;;;;;;;;;;;;;;;;;;;;;;;;;;;;;;;;;;;;;;;;;;;;;;;;;
134;REDcap;"Status: Forslag til system - i proces.
Formål er opbevaring og samarbejde af potentielt fortrolig data til især det sundhedsvidenskabelige område.";;;;;;;;;;;;;;;;;;;;;;;;;;;;;;;;;"AIU: 0
IFS: ?";;;Systemet forventes i drift 2016. Der er ikke erfaring med tidsforbrug til drift endnu. ;MPB;16-12-2015;;;;;;;;;;;;;;;;;;;;;;;;;;;;;;;;;;;;;;;;;;;;;;;;;;;;;;;;;;;;;;;;;;;;;;;;;;;;;;;;;;;;;;;;;;;;;;;;;;;;;;;;;;;;;;;;;;;;;;;;
96;Refworks;AIU / Eksternt;;;;;;;;;;;;;;;;;;;;;;;;;;;;;;;;;AIU: 0;;;;;;;;;;;;;;;;;;;;;;;;;;;;;;;;;;;;;;;;;;;;;;;;;;;;;;;;;;;;;;;;;;;;;;;;;;;;;;;;;;;;;;;;;;;;;;;;;;;;;;;;;;;;;;;;;;;;;;;;;;;;;
32;RES;;;;;;Administration;MW;KK;;;ØA;;;;;;;;;;;;;;;;;;;;;;Ja;AIU: 150;;;;;;;;;;;;;;;;;;;;;;;;;;;;;;;;;;;;;;;;;;;;;;;;;;;;;;;;;;;;;;;;;;;;;;;;;;;;;;;;;;;;;;;;;;;;;;;;;;;;;;;;;;;;;;;;;;;;;;;;;;;;;
3;RUS;Rejseafregningssystem;;Acubiz;Acubiz EMS;En gammel udgave;Administration;MW;KK;ØS-IT (Knut Vik);ØA / Morten Winterberg;ØA;;Høj;139.920;;;50.000;50.000;239.920;;;;;;;;;http://www.okonomi.aau.dk/oea-it/rus/;;;SaaS;https://apps1.acubiz.com/asp/aau/ctaau.nsf;Ja;AIU: 0;;;Det er et meget udskældt system,. I efteråret 2013 kørte der en foranalyse ifm. Nyt system. Denne aktivitet er sidenhen sat på pause;MMH;22-05-2015;;;;;;;;;;;;;;;;;;;;;;;;;;;;;;;;;;;;;;;;;;;;;;;;;;;;;;;;;;;;;;;;;;;;;;;;;;;;;;;;;;;;;;;;;;;;;;;;;;;;;;;;;;;;;;;;;;;;;;;;
7;SAS;;;;;;Administration;;;;;ØA;;;151.840;;;;;151.840;;;;;;;;;;;CS;;;Ja;"AIU: 0
IFS: 0,2";;;;HB;16-12-2015;;;;;;;;;;;;;;;;;;;;;;;;;;;;;;;;;;;;;;;;;;;;;;;;;;;;;;;;;;;;;;;;;;;;;;;;;;;;;;;;;;;;;;;;;;;;;;;;;;;;;;;;;;;;;;;;;;;;;;;;
13;ScanPas;HR system;;PBJ;ScanPas HR;10G;Administration;MW;;;Søren Vaagholdt Nielsen;HR;;Høj;;;;250.000;60.000;310.000;;;;;;;;Ja - Java - i passende version - på klienten;;;AM;ITS;http://adm37.adm.aau.dk:7777/forms/frmservlet?config=spap_sunplugin;Nej;"AIU: 2
IFS: ?";;;;MMH;22-05-2015;;;;;;;;;;;;;;;;;;;;;;;;;;;;;;;;;;;;;;;;;;;;;;;;;;;;;;;;;;;;;;;;;;;;;;;;;;;;;;;;;;;;;;;;;;;;;;;;;;;;;;;;;;;;;;;;;;;;;;;;
116;Secureaware;Information security management system (ISMS) til at støtte informationsikkerhedsarbejde v. Henrik Johannes Rask;;;;;;;;;;;;Lav;;;;;;;;;;;;;;;;;;;;;"AIU: 0
IFS: 1";;;;HB;16-12-2015;;;;;;;;;;;;;;;;;;;;;;;;;;;;;;;;;;;;;;;;;;;;;;;;;;;;;;;;;;;;;;;;;;;;;;;;;;;;;;;;;;;;;;;;;;;;;;;;;;;;;;;;;;;;;;;;;;;;;;;;
149;Server og storage infrastruktur;Drift af servere, storage, virtualisering og backup som infrastruktur til alle ITS hostede services.;;HP, Dell, Cisco, Hitachi, Vmware;;;;;;;;;;;;;;;;;;;;;;;;;;;;;;Nej;IFS: 100;;;;;;;;;;;;;;;;;;;;;;;;;;;;;;;;;;;;;;;;;;;;;;;;;;;;;;;;;;;;;;;;;;;;;;;;;;;;;;;;;;;;;;;;;;;;;;;;;;;;;;;;;;;;;;;;;;;;;;;;;;;;;
131;Service Manager;System til håndtering af incidents og service requests for alle AAU's brugere med backend brug i ITS samt enkelte andre i Fælles Service;;;;;ITS (internt);;;;ITS;;;Mellem;;;;;;;;;;;;;;;;;KST, JNI;ITS;;Ja;"AIU: 0
IFS: 25
SUP:?";;;SUP tidsforbrug er forvaltning ;HB;16-12-2015;;;;;;;;;;;;;;;;;;;;;;;;;;;;;;;;;;;;;;;;;;;;;;;;;;;;;;;;;;;;;;;;;;;;;;;;;;;;;;;;;;;;;;;;;;;;;;;;;;;;;;;;;;;;;;;;;;;;;;;;
119;Sharepoint;Samarbejdsværktøj, findes i en instanser;;;;;;;;;ITS;;;Høj;;;;;;;;;;;;;;;;;KBA;ITS;;;"AIU: 0
IFS: 10
SUP:0";;;;HB;16-12-2015;;;;;;;;;;;;;;;;;;;;;;;;;;;;;;;;;;;;;;;;;;;;;;;;;;;;;;;;;;;;;;;;;;;;;;;;;;;;;;;;;;;;;;;;;;;;;;;;;;;;;;;;;;;;;;;;;;;;;;;;
122;SikkerDataAdgang;"Fjernskrivebordsservere til behandling af personfølsomme og andre fortrolige data i en ""sandbox"" hvor output logges. Udviklet for Folkesundhedsvidenskab, HST men kan givetvis også bruges af andre forskningsgrupper.";;;;;;;;;;;;;;;;;;;;;;;;;;;;;;;;;AIU: 0;;;;;;;;;;;;;;;;;;;;;;;;;;;;;;;;;;;;;;;;;;;;;;;;;;;;;;;;;;;;;;;;;;;;;;;;;;;;;;;;;;;;;;;;;;;;;;;;;;;;;;;;;;;;;;;;;;;;;;;;;;;;;
4;SLS;Statens Lønsystem;;Modeniseringsstyrelsen;;;Administration;;;;;ØA;;;2.758.644;;;;;2.758.644;;;;;;;;;;;;;;Nej;AIU: 0;;;;;;;;;;;;;;;;;;;;;;;;;;;;;;;;;;;;;;;;;;;;;;;;;;;;;;;;;;;;;;;;;;;;;;;;;;;;;;;;;;;;;;;;;;;;;;;;;;;;;;;;;;;;;;;;;;;;;;;;;;;;;
120;SMS gateway;;;;;;;;;;;;;;;;;;;;;;;;;;;;;;;;;;"AIU: 0
SUP:0";;;;;;;;;;;;;;;;;;;;;;;;;;;;;;;;;;;;;;;;;;;;;;;;;;;;;;;;;;;;;;;;;;;;;;;;;;;;;;;;;;;;;;;;;;;;;;;;;;;;;;;;;;;;;;;;;;;;;;;;;;;;;
43;Sodexo;Kantine Service booking (på hele AAU?);;;;;Administration;;;;;;;;;;;;;;;;;;;;;;;;;;;;AIU: 0;;;;;;;;;;;;;;;;;;;;;;;;;;;;;;;;;;;;;;;;;;;;;;;;;;;;;;;;;;;;;;;;;;;;;;;;;;;;;;;;;;;;;;;;;;;;;;;;;;;;;;;;;;;;;;;;;;;;;;;;;;;;;
10;STADS;Studieadministrativt system;iSTADS, eSTADS, Beviser, Reports;KMD;;;Studieadministrationen;Henrik Brohus;;Pernille Refstrup;Studiechefen/ Lone Vestergård;SF;;Høj;4.009.344;;;;;4.009.344;konteres på art 147041 - men betragtes som fast licens;;https://jira.srv.aau.dk/jira/browse/STADS;;;;;Ja - Java - i passende version - på klienten;;;;ITS;http://adm39.adm.aau.dk:8891/estads.html;;"AIU: 20
IFS: 12
SUP:3";;;Mange henvendelser til SUP omkring login problemer (da man ikke anvender full email adresse);MPB;16-12-2015;;;;;;;;;;;;;;;;;;;;;;;;;;;;;;;;;;;;;;;;;;;;;;;;;;;;;;;;;;;;;;;;;;;;;;;;;;;;;;;;;;;;;;;;;;;;;;;;;;;;;;;;;;;;;;;;;;;;;;;;
48;Stads Selvbetjening;Selvbetjening for de studerende for egen studieplads;Admin interface og studerendes interface;;;;Studieadministrationen;Henrik Brohus;;Pernille Refstrup;Lone Vestergård;SF;;Høj;;;;;;;;;;;;;;Ja - Java i passende version på klienten;;;;;https://sb.aau.dk/sb-ad/sb/;;AIU: 0;;;;MMH;22-05-2015;;;;;;;;;;;;;;;;;;;;;;;;;;;;;;;;;;;;;;;;;;;;;;;;;;;;;;;;;;;;;;;;;;;;;;;;;;;;;;;;;;;;;;;;;;;;;;;;;;;;;;;;;;;;;;;;;;;;;;;;
45;Stads-Dans;;;;;;Studieadministrationen;Henrik Brohus;;Pernille Refstrup;Lone Vestergård;SF;;Høj;;;;;;;;;;;;;;;;;;;;;AIU: 0;;;;;;;;;;;;;;;;;;;;;;;;;;;;;;;;;;;;;;;;;;;;;;;;;;;;;;;;;;;;;;;;;;;;;;;;;;;;;;;;;;;;;;;;;;;;;;;;;;;;;;;;;;;;;;;;;;;;;;;;;;;;;
46;Stads-VIP;;;;;;Studieadministrationen;Henrik Brohus;;Pernille Refstrup;Lone Vestergård;SF;;Høj;;;;;;;;;;;;;;;;;;;;;AIU: 0;;;;;;;;;;;;;;;;;;;;;;;;;;;;;;;;;;;;;;;;;;;;;;;;;;;;;;;;;;;;;;;;;;;;;;;;;;;;;;;;;;;;;;;;;;;;;;;;;;;;;;;;;;;;;;;;;;;;;;;;;;;;;
20;STATA;;;;;;;;;;;ITS;;;230.000;;;;;230.000;Ikke system software men CAMPUS licens undervisning og forskning (alle ansatte & studerende);;;;;;;;;;;;;;AIU: ?;;;;;;;;;;;;;;;;;;;;;;;;;;;;;;;;;;;;;;;;;;;;;;;;;;;;;;;;;;;;;;;;;;;;;;;;;;;;;;;;;;;;;;;;;;;;;;;;;;;;;;;;;;;;;;;;;;;;;;;;;;;;;
82;Stillinger.aau.dk + vacancies.aau.dk;Webvisning af ledige stillinger på AAU;PeopleXS webservice + http://data.aau.dk/rest/vacancies/;PeopleXS + egenudvikling;AAU Stillingsportal;;Administration;;;Webteam + Trine Bovbjerg (HR);HR?;;;;;;;;;;;;https://jira.srv.aau.dk/jira/secure/RapidBoard.jspa?rapidView=54&view=planning&selectedIssue=WEB-10&selectedEpic=WEB-125;Sidevisninger  på stillinger.aau.dk (1/6-14 - 1/6-15): 383048 (heraf 316.318 unikke sidevisninger). Sidevisninger på vacancies.aau.dk (1/6-14 -1/6-15): 185.422 (heraf 151.470 unikke sidevisninger);;;Nej;;https://secure.aub.aau.dk/wiki/aauportal/index.php/Stillingsportal;;Anders Hertz?;;http://www.stillinger.aau.dk + http://www.vacancies.aau.dk/;;AIU: 6;;;Skal omlægges til nyt webdesign og i samme forbindelse lægges ind under aau.dk/en.aau.dk. Kræver tilpasning af InfoGlue komponenter til liste- og stillingsvisninger på websitet. Skal koordineres med HR samt udviklerressourcer i AIU;CLA;02-06-2015;;;;;;;;;;;;;;;;;;;;;;;;;;;;;;;;;;;;;;;;;;;;;;;;;;;;;;;;;;;;;;;;;;;;;;;;;;;;;;;;;;;;;;;;;;;;;;;;;;;;;;;;;;;;;;;;;;;;;;;;
64;Studieguide / studyguide;AAU's online markedsføring af bachelor- og kandidat og uddannelse på dansk og engelsk;Indhold og struktur ligger i InfoGlue. REST service som genererer lister mm. ligger på http://data.aau.dk/rest/programmes;Egenudvikling;;;Forskning & Formidling;;;Camilla Ladegaard Andersen;;;Der er pt en arbejdsgruppe som består at repræsentanter fra ITS, Studieforvaltning, Internationalt Kontor, AAU Kommunikation og fakulteterne;Høj;;;;;;;;;https://jira.srv.aau.dk/jira/secure/RapidBoard.jspa?rapidView=54&view=reporting&chart=epicReport&epic=WEB-126;Backend inddatering: AAU Kommunikation, skoler, studieforvaltning og fakulteter ca 50. Brugere af studieguiden: Sidevisninger (1/6-14-1/6-15) = 3.301.002 (heraf unikke 2.033.322) ~ 66,8 % af alle sidevisninger på aau.dk;;;Nej;;https://jira.srv.aau.dk/confluence/pages/viewpage.action?pageId=9568257;;Anders Hertz;;http://www.studieguide.aau.dk, http://www.studyguide.aau.dk;;"AIU: 5
IFS: ?";;;Procedure for oprettelse og ændring af uddannelser og uddannelsestitler på Studieguide og Studyguide er beskrevet her: http://www.aauhaandbog.aau.dk/faces/viewDocument/6988, http://www.aauhaandbog.aau.dk/faces/viewDocument/7002, http://www.aauhaandbog.aau.dk/faces/viewDocument/6945, http://www.aauhaandbog.aau.dk/faces/viewDocument/6960;CLA;02-06-2015;;;;;;;;;;;;;;;;;;;;;;;;;;;;;;;;;;;;;;;;;;;;;;;;;;;;;;;;;;;;;;;;;;;;;;;;;;;;;;;;;;;;;;;;;;;;;;;;;;;;;;;;;;;;;;;;;;;;;;;;
121;Subversion;Versionskontrol for ansatte og studerende til projekter.;;;;;;;;;;;;;;;;;;;;;;8176;;;;;;;;;;;"AIU: 0
IFS: 2";;;;MPB;16-12-2015;;;;;;;;;;;;;;;;;;;;;;;;;;;;;;;;;;;;;;;;;;;;;;;;;;;;;;;;;;;;;;;;;;;;;;;;;;;;;;;;;;;;;;;;;;;;;;;;;;;;;;;;;;;;;;;;;;;;;;;;
68;SuperCard;Print af adgangskort ansatte og studerende. ;Kan kun afvikles på windows XP, ingen opgraderinger mulig.;Skal undersøges;;;;;;Karl H. Hedegaard;Administrationen;;;;;;;;;;;;;;;;;;;;;;;;AIU: ?;;;;;;;;;;;;;;;;;;;;;;;;;;;;;;;;;;;;;;;;;;;;;;;;;;;;;;;;;;;;;;;;;;;;;;;;;;;;;;;;;;;;;;;;;;;;;;;;;;;;;;;;;;;;;;;;;;;;;;;;;;;;;
117;Surveybanken.;System til analyser af indsamlede surveys for Institut for Statskundskab.;;;;;;;;;;;;;;;;;;;;;;;;;;;;;;;;;AIU: 0;;;;;;;;;;;;;;;;;;;;;;;;;;;;;;;;;;;;;;;;;;;;;;;;;;;;;;;;;;;;;;;;;;;;;;;;;;;;;;;;;;;;;;;;;;;;;;;;;;;;;;;;;;;;;;;;;;;;;;;;;;;;;
19;SurveyXact ;spørgeskemaprogram;;Rambøll Management Consulting;SurveyXact ;;;;;?;Niels Henrik Gylstorff?;AUB;;;163.750;;;;45.250;209.000;Udviklingsmidler = kurser;;;Alle med Wayf-login;;;;Explorer,Firefox,Safari,Chrome;Info til Servicedesk Onenote;;;SaaS;http://wayf.survey-xact.dk/;Ja;AIU: ?;;;Opdateret med systemejer efter dialog med Mads Sommer;MMH;14-03-2016;;;;;;;;;;;;;;;;;;;;;;;;;;;;;;;;;;;;;;;;;;;;;;;;;;;;;;;;;;;;;;;;;;;;;;;;;;;;;;;;;;;;;;;;;;;;;;;;;;;;;;;;;;;;;;;;;;;;;;;;
57;Sygfra Central;Til administartion af sygefravær/barsel/forældreorlov/refusion;;Egenudviklet;SYGFRA decentral;;Administration;MW;;Helle Eskildsen;HR-afdelingen;;;;;;;;;;;;;100 brugere;;;;;;;;;;;AIU: 5;;;klient - server opsætning;HE;29-05-2015;;;;;;;;;;;;;;;;;;;;;;;;;;;;;;;;;;;;;;;;;;;;;;;;;;;;;;;;;;;;;;;;;;;;;;;;;;;;;;;;;;;;;;;;;;;;;;;;;;;;;;;;;;;;;;;;;;;;;;;;
56;Sygfra Decentral;Til indberetning af sygfravær fra decentrale brugere;;Egenudviklet;SYGFRA central;;Administration;MW;;Helle Eskildsen;HR-afdelingen;;;;;;;;;;;;;3 brugere;;;;;;;;;https://sygfra.aau.dk/sygfra/?TARGET=https%3A%2F%2Fsygfra.aau.dk%3A%2Fsygfra%2F;;AIU: 5;;;;HE;29-05-2015;;;;;;;;;;;;;;;;;;;;;;;;;;;;;;;;;;;;;;;;;;;;;;;;;;;;;;;;;;;;;;;;;;;;;;;;;;;;;;;;;;;;;;;;;;;;;;;;;;;;;;;;;;;;;;;;;;;;;;;;
124;Telefoni;IP og mobiltelefoni for AAU ansatte;;;;;;;;;;;;;;;;;;;;;;;;;;;;;;;;;"AIU: 0
SUP:?";;;;;;;;;;;;;;;;;;;;;;;;;;;;;;;;;;;;;;;;;;;;;;;;;;;;;;;;;;;;;;;;;;;;;;;;;;;;;;;;;;;;;;;;;;;;;;;;;;;;;;;;;;;;;;;;;;;;;;;;;;;;;
66;Telefoniformular;;;;;;ITS (internt);;;;;ITS;;;;;;;;;;;;;;;;;;;;;;;AIU: ?;;;;;;;;;;;;;;;;;;;;;;;;;;;;;;;;;;;;;;;;;;;;;;;;;;;;;;;;;;;;;;;;;;;;;;;;;;;;;;;;;;;;;;;;;;;;;;;;;;;;;;;;;;;;;;;;;;;;;;;;;;;;;
115;Terminalservere;Til administrative systemer for Mac og Linux-brugere og ansatte på Klinisk Institut;;;;;;;;;ITS;;;Mellem;;;;;;;;;;;;;;;;;;;;;"AIU: 0
IFS: 2
SUP:0";;;;;;;;;;;;;;;;;;;;;;;;;;;;;;;;;;;;;;;;;;;;;;;;;;;;;;;;;;;;;;;;;;;;;;;;;;;;;;;;;;;;;;;;;;;;;;;;;;;;;;;;;;;;;;;;;;;;;;;;;;;;;
79;Tilsynsdatabase;Til at holde styr på eksamentilsyns-medarbejdere. Ejes af TekNat, men bruges også af Hum og Samf. Men kun til nogen studier (deres eksamner);?;Egenudvikling (Lars Nedergaard fra TekNat Fak-kontor);?;?;;;;Lars Nedergaard?;TekNat-Fakultetskontor;TekNat-Fak;;;;;;;;;;N/A;N/A;N/A;N/A;N/A;N/A;N/A;N/A;N/A;N/A;ITS (på auaw.adm.aau.dk);http://tilsyn.aau.dk;;AIU: 0;;;Systemet indeholder ikke CPR på folk;mmh;21-05-2015;;;;;;;;;;;;;;;;;;;;;;;;;;;;;;;;;;;;;;;;;;;;;;;;;;;;;;;;;;;;;;;;;;;;;;;;;;;;;;;;;;;;;;;;;;;;;;;;;;;;;;;;;;;;;;;;;;;;;;;;
22;TimeLog;Ressourceoverblik;;TL Consulting;TimeLog;;ITS (internt);;;;;ITS;;;54.000;;;;;54.000;Systemsoftware til ressourcestyring i projekter;;;;;;;;;;;SaaS;;Ja;AIU: 0;;;;;;;;;;;;;;;;;;;;;;;;;;;;;;;;;;;;;;;;;;;;;;;;;;;;;;;;;;;;;;;;;;;;;;;;;;;;;;;;;;;;;;;;;;;;;;;;;;;;;;;;;;;;;;;;;;;;;;;;;;;;;
5;Timesheet;Administration (godkendelse) af timesedler;;Logistics;Custom;;Administration;MW;;Nej;;ØA;;;;;;25.000;;25.000;;;;;;;;;;;;;;Ja;AIU: 0;;;Thøger ved noget om systemet og projektet søger aktiv at få fundet systemforvalter til systemet.;MMH;20-05-2015;;;;;;;;;;;;;;;;;;;;;;;;;;;;;;;;;;;;;;;;;;;;;;;;;;;;;;;;;;;;;;;;;;;;;;;;;;;;;;;;;;;;;;;;;;;;;;;;;;;;;;;;;;;;;;;;;;;;;;;;
77;Typo3;CMS til hjemmesider (også de som ikke overholder AAU design);;Open-source;Typo3;;Forskning & Formidling;;;Tina Funck;;ITS;;Mellem;;;;;;;;;;;;;;;;;;ITS;Er eksponeret på mange forskellige URL'er (en per website);;AIU: 10;;;;MMH;22-05-2015;;;;;;;;;;;;;;;;;;;;;;;;;;;;;;;;;;;;;;;;;;;;;;;;;;;;;;;;;;;;;;;;;;;;;;;;;;;;;;;;;;;;;;;;;;;;;;;;;;;;;;;;;;;;;;;;;;;;;;;;
147;Tyv;Tyverisikringssystem;;G4S;S25;;Administration;;;;TF/Torben Gregersen;;;Høj;;;;;;;;;;;;;;Kører i øjeblikket på en række virtuelle Windows PC'er i vmware, pga krav om adminstratoradgang for applikationen;;;JNI;ITS;;ja;IFS: 2;;;;HB;17-12-2015;;;;;;;;;;;;;;;;;;;;;;;;;;;;;;;;;;;;;;;;;;;;;;;;;;;;;;;;;;;;;;;;;;;;;;;;;;;;;;;;;;;;;;;;;;;;;;;;;;;;;;;;;;;;;;;;;;;;;;;;
31;UniStart;System til håndtering af optagelsen;APEX modul ovenpå SATDS m. ehen database;Egenudvikling;UniStart;;Studieadministrationen;Henrik Brohus;;Birthe Riis Kennedy;;SF;;;;;;;;;;;;;;;;;;;GGL;;;Ja;AIU: 15;;;;;;;;;;;;;;;;;;;;;;;;;;;;;;;;;;;;;;;;;;;;;;;;;;;;;;;;;;;;;;;;;;;;;;;;;;;;;;;;;;;;;;;;;;;;;;;;;;;;;;;;;;;;;;;;;;;;;;;;;;;;;
18;VBN;forskningsregistrering samt analyseredskaber;STADS view/datawarehousing;Elsevier;Pure;;Forskning & Formidling;;JCB;Nils Tidemann;Niels Henrik Gylstorff?;AUB;;;466.000;;;;278.000;744.000;;;;;;;;;;;;;http://vbn.aau.dk;Ja;"AIU: ?
IFS: ?
SUP: ?";;;Driftes af AUB og ekstern leverandør. Forventes at overgå til ITS og ekstern leverandør i 2016.;MPB;16-12-2015;;;;;;;;;;;;;;;;;;;;;;;;;;;;;;;;;;;;;;;;;;;;;;;;;;;;;;;;;;;;;;;;;;;;;;;;;;;;;;;;;;;;;;;;;;;;;;;;;;;;;;;;;;;;;;;;;;;;;;;;
139;Videokonference;;;;;;;;;;;;;;;;;;;;;;;;;;;;;;;;;;"AIU: 0
IFS: 2
SUP:50";;;SUP bregnet 1œ person om ugen;;;;;;;;;;;;;;;;;;;;;;;;;;;;;;;;;;;;;;;;;;;;;;;;;;;;;;;;;;;;;;;;;;;;;;;;;;;;;;;;;;;;;;;;;;;;;;;;;;;;;;;;;;;;;;;;;;;;;;;;;;
99;Virtuelle maskiner til brugere;Til understøttelse af forskning og undervisning;;;;;;;;;ITS;ITS;;Mellem;;;;;;;;;;;;;;;;;;;;;"AIU: 0
IFS: 40";;;;MPB;16-12-2015;;;;;;;;;;;;;;;;;;;;;;;;;;;;;;;;;;;;;;;;;;;;;;;;;;;;;;;;;;;;;;;;;;;;;;;;;;;;;;;;;;;;;;;;;;;;;;;;;;;;;;;;;;;;;;;;;;;;;;;;
80;Visitkort Generator;Til at generere visitkort;;Egenudvikling (Nils Østbjerg);;;ITS (internt);;;Nils Østbjerg;;ITS;;Lav;;;;;;;;;;Potentielt alle ansatte på AAU;;;;;;;NO;;http://www.visitkort.aau.dk/;;"AIU: 0
IFS: 0,5";;;;MPB;16-12-2015;;;;;;;;;;;;;;;;;;;;;;;;;;;;;;;;;;;;;;;;;;;;;;;;;;;;;;;;;;;;;;;;;;;;;;;;;;;;;;;;;;;;;;;;;;;;;;;;;;;;;;;;;;;;;;;;;;;;;;;;
126;VNC;Grafisk fjernadgang til Linux-baserede applikationer på systemer for HST.;;;;;;;;;;;;;;;;;;;;;;;;;;;;;;;;;AIU: 0;;;;;;;;;;;;;;;;;;;;;;;;;;;;;;;;;;;;;;;;;;;;;;;;;;;;;;;;;;;;;;;;;;;;;;;;;;;;;;;;;;;;;;;;;;;;;;;;;;;;;;;;;;;;;;;;;;;;;;;;;;;;;
129;VPN;Danner sikker forbindelse til AAU for computere og tablets over Internettet.;;;;;;;;;;;;;;;;;;;;;;;;;;;;;;;;Ja;"AIU: 0
IFS: 5";;;;;;;;;;;;;;;;;;;;;;;;;;;;;;;;;;;;;;;;;;;;;;;;;;;;;;;;;;;;;;;;;;;;;;;;;;;;;;;;;;;;;;;;;;;;;;;;;;;;;;;;;;;;;;;;;;;;;;;;;;;;;
73;WAYF;Identitetsføderation;phpSimpleSAML;WAYF-sekretariatet + open-source + Headnet (konfiguration);;;ITS (internt);;;;;ITS;;;;;;;;;;;;;;;;;;;;;http://www.wayf.dk;;AIU: 1;;;;;;;;;;;;;;;;;;;;;;;;;;;;;;;;;;;;;;;;;;;;;;;;;;;;;;;;;;;;;;;;;;;;;;;;;;;;;;;;;;;;;;;;;;;;;;;;;;;;;;;;;;;;;;;;;;;;;;;;;;;;;
51;WBM;Webbetalingmodul;;Egenudvikling;;;ITS (internt);;;;;ITS;;;;;;;;;Mere end 2,5 mio i transaktioner;;;~13000 ;;;;;;;;;;;"AIU: 2
IFS: 2";;;Integration mellem webshops, kortbetalingsudbyder og ØSS;MPB;16-12-2015;;;;;;;;;;;;;;;;;;;;;;;;;;;;;;;;;;;;;;;;;;;;;;;;;;;;;;;;;;;;;;;;;;;;;;;;;;;;;;;;;;;;;;;;;;;;;;;;;;;;;;;;;;;;;;;;;;;;;;;;
44;WebBook;Booking af seminarrum m.m.;Studenterportal (groups.aau.dk);Webbook;?;?;Administration;MW;;;;TF;;Mellem;;;;;;;;;;;;;;;http://book.webbook.dk/auc/auc/manualsek.pdf;;;SaaS;http://book.webbook.dk/auc/portal_booking2/;;AIU: 0;;;Den får grupperum fra webbook (men ellers er den ikke integreret med Webbook). Micgael Collin har lavet groups.aau.dk.;MMH;05-02-2016;;;;;;;;;;;;;;;;;;;;;;;;;;;;;;;;;;;;;;;;;;;;;;;;;;;;;;;;;;;;;;;;;;;;;;;;;;;;;;;;;;;;;;;;;;;;;;;;;;;;;;;;;;;;;;;;;;;;;;;;
127;Webservere - Linux;;;;;;;;;;;;;;;;;;;;;;;;;;;;;;;;;;"AIU: 0
IFS: 15";;;Der er brugt en del tid på sikkerhedsopdateringer og omkonfiguration hvilket er med til at trække tidsforbruget op.;MPB;16-12-2015;;;;;;;;;;;;;;;;;;;;;;;;;;;;;;;;;;;;;;;;;;;;;;;;;;;;;;;;;;;;;;;;;;;;;;;;;;;;;;;;;;;;;;;;;;;;;;;;;;;;;;;;;;;;;;;;;;;;;;;;
128;Wordpress;System til webblogs til hjemmesider eller konferencer typisk m. eksterne brugere.;;;;;;;;;;;;;;;;;;;;;;;;;;;;;;;;;"AIU: 0
IFS: 1";;;;MPB;16-12-2015;;;;;;;;;;;;;;;;;;;;;;;;;;;;;;;;;;;;;;;;;;;;;;;;;;;;;;;;;;;;;;;;;;;;;;;;;;;;;;;;;;;;;;;;;;;;;;;;;;;;;;;;;;;;;;;;;;;;;;;;
130;Workstations Matematik (Ubuntu Linux);;;;;;;;;;;;;;;;;;;;;;;;;;;;;;;;;;AIU: 0;;;;;;;;;;;;;;;;;;;;;;;;;;;;;;;;;;;;;;;;;;;;;;;;;;;;;;;;;;;;;;;;;;;;;;;;;;;;;;;;;;;;;;;;;;;;;;;;;;;;;;;;;;;;;;;;;;;;;;;;;;;;;
146;ØS LDV;Løndatavarehus - moderniseringsstyrelsen leverer periodiske data til applikationen;;Moderniseringstyrelsen;LDV;;Administration;;;;ØA;;;Mellem;;;;;;;;;;;;;;;;;KBA;ITS;;ja;IFS: 2;;;;HB;17-12-2015;;;;;;;;;;;;;;;;;;;;;;;;;;;;;;;;;;;;;;;;;;;;;;;;;;;;;;;;;;;;;;;;;;;;;;;;;;;;;;;;;;;;;;;;;;;;;;;;;;;;;;;;;;;;;;;;;;;;;;;;
1;ØSS;Økonomisystem;;ØSS Fællesskabet;Oracle E-business Suite;;Administration;MW;KK;ØS-IT (Knut Vik);ØA / Morten Winterberg;ØA;;;3.281.000;;;400.000;217.000;3.898.000;;;;;;;;;;;AM & GGL;ITS;;Ja;"AIU: 5
IFS: 50";?;?;;MPB;16-12-2015;;;;;;;;;;;;;;;;;;;;;;;;;;;;;;;;;;;;;;;;;;;;;;;;;;;;;;;;;;;;;;;;;;;;;;;;;;;;;;;;;;;;;;;;;;;;;;;;;;;;;;;;;;;;;;;;;;;;;;;;
2;ØSS egenudvikling(rapporter, ws,scripts);Egenudviklet knopskydninger på ØSS;;egenudviklet ;Nemkonto, WS ØSS-RES,integreret rapportter;;Administration;;;Helle Eskildsen;ØA / Morten Winterberg;ØA;;;;;;;;;;;;;;;;;;;;;;Ja;AIU: 5;;;;HE;01-06-2015;;;;;;;;;;;;;;;;;;;;;;;;;;;;;;;;;;;;;;;;;;;;;;;;;;;;;;;;;;;;;;;;;;;;;;;;;;;;;;;;;;;;;;;;;;;;;;;;;;;;;;;;;;;;;;;;;;;;;;;;
33;AAU Adgangskontrol;Web single signon;;Egenudvikling;AAU adgangskontrol;;ITS (internt);;;;;ITS;;Høj;;;;;;;;;;~30000;;;;;;;AHZ;;https://login.aau.dk/cas/login;;"AIU: 5
IFS: 1";;;;MPB;16-12-2015;;;;;;;;;;;;;;;;;;;;;;;;;;;;;;;;;;;;;;;;;;;;;;;;;;;;;;;;;;;;;;;;;;;;;;;;;;;;;;;;;;;;;;;;;;;;;;;;;;;;;;;;;;;;;;;;;;;;;;;;
136;AAU Fjernsupport;System til fjernsupport for ITS til alle AAU ansatte.;;;Bomgar;;ITS (internt);;;;;;;;;;;;;;;;;;;;;;;;;;support.its.aau.dk;ja;"AIU: 0
IFS: 1
SUP < 1t/uge";;;;MPB;16-12-2015;;;;;;;;;;;;;;;;;;;;;;;;;;;;;;;;;;;;;;;;;;;;;;;;;;;;;;;;;;;;;;;;;;;;;;;;;;;;;;;;;;;;;;;;;;;;;;;;;;;;;;;;;;;;;;;;;;;;;;;;
81;AAU Håndbogen;Politikker, regler, procedurer mm. primært fra HR, Økonomi og Ledelsessekretariat;;Atira;AAU Håndbogen;1.0.0;Administration;;KK;AAU Kommunikation (brugersupport), ingen teknisk forvaltning pt.;HR/Ledelsessekretariatet?;;;;;;;;;;;;"Jira (oprettet 09/06 2015 oprettet 5 sager)
  https://jira.srv.aau.dk/jira/browse/HANDBOOK
";Ansatte i ADM, særligt HR, ØA og Ledelsessekretariat (inddatering) samt ansatte som søger efter dokumenter i AAU Håndbogen;;;;;"Confluence (oprettet 09-06 2015 - intet dokumenteret endnu)
  https://jira.srv.aau.dk/confluence/display/HANDBOOK
";;;;http://www.aauhaandbog.aau.dk/;;AIU: 10;;;"AAU Håndbogen har været behandlet i det administrative program, hvor det bl.a. lyder: ""Da AAU-Håndbogen er at betragte som et Intranet med fokus på information af regler og politikker bør det anbefales, at AAU-håndbogen tages med ind i det samlede billede i en kommende analyse af universitets behov for collaborative systemer""";RSF;10-06-2015;;;;;;;;;;;;;;;;;;;;;;;;;;;;;;;;;;;;;;;;;;;;;;;;;;;;;;;;;;;;;;;;;;;;;;;;;;;;;;;;;;;;;;;;;;;;;;;;;;;;;;;;;;;;;;;;;;;;;;;;
62;AAU Maps;Visning af AAU adresser på kort;Google maps;Egenudviklet;AAU Maps;1.0;ITS (internt);;;;;ITS;;;;;;;;;;;;;;;Nej;;https://secure.aub.aau.dk/wiki/aauportal/index.php/AAUMap_(2012) (Gammelt og uopdateret?);;;;http://maps.aau.dk;;AIU: 5;;;Forvaltningsplan ønskes;CLA;02-06-2015;;;;;;;;;;;;;;;;;;;;;;;;;;;;;;;;;;;;;;;;;;;;;;;;;;;;;;;;;;;;;;;;;;;;;;;;;;;;;;;;;;;;;;;;;;;;;;;;;;;;;;;;;;;;;;;;;;;;;;;;
39;AAU Search;;;;;;ITS (internt);;;;;ITS;;;;;;;;;;;;;;;;;;;;;;;AIU: 5;;;;;;;;;;;;;;;;;;;;;;;;;;;;;;;;;;;;;;;;;;;;;;;;;;;;;;;;;;;;;;;;;;;;;;;;;;;;;;;;;;;;;;;;;;;;;;;;;;;;;;;;;;;;;;;;;;;;;;;;;;;;;
69;AAUcard;Web-modul til styring af studiekort/medarbejderkort/servicekort;Trækker data fra STADS og ScanPas;Egenudvikling;;;ITS (internt);;;Karl H. Hedegaard;Administrationen;;;;;;;;;;;;;;;;;;;;;;;;AIU: 8;;;MMH har if, udviklingsrunde i foråret spurgte TF, STS, AUB om de føler et systemejerskab. Desværre ikke, bortset fra deres respektive anvendelser.;;;;;;;;;;;;;;;;;;;;;;;;;;;;;;;;;;;;;;;;;;;;;;;;;;;;;;;;;;;;;;;;;;;;;;;;;;;;;;;;;;;;;;;;;;;;;;;;;;;;;;;;;;;;;;;;;;;;;;;;;;
59;AAU-FRAV;Integration mellem sygefravær system og SLS HR-system mht at sende data for sygdom og barsel/forælderorlov til Modeniseringsstyrelsen;;Logistisc;AAU-FRAV;;Administration;MW;;Helle Eskildsen;HR-afdelingen;;;;;;;;;;;;;2 brugere;;;;;;;;;http://www.adm.aau.dk/vue/index.php;;AIU: 5;;;;HE;29-05-2015;;;;;;;;;;;;;;;;;;;;;;;;;;;;;;;;;;;;;;;;;;;;;;;;;;;;;;;;;;;;;;;;;;;;;;;;;;;;;;;;;;;;;;;;;;;;;;;;;;;;;;;;;;;;;;;;;;;;;;;;
